user_000001,password
user_000002,password
user_000003,password
user_000004,password
user_000005,password
user_000006,password
user_000007,password
user_000008,password
user_000009,password
user_000010,password
user_000011,password
user_000012,password
user_000013,password
user_000014,password
user_000015,password
user_000016,password
user_000017,password
user_000018,password
user_000019,password
user_000020,password
user_000021,password
user_000022,password
user_000023,password
user_000024,password
user_000025,password
user_000026,password
user_000027,password
user_000028,password
user_000029,password
user_000030,password
user_000031,password
user_000032,password
user_000033,password
user_000034,password
user_000035,password
user_000036,password
user_000037,password
user_000038,password
user_000039,password
user_000040,password
user_000041,password
user_000042,password
user_000043,password
user_000044,password
user_000045,password
user_000046,password
user_000047,password
user_000048,password
user_000049,password
user_000050,password
user_000051,password
user_000052,password
user_000053,password
user_000054,password
user_000055,password
user_000056,password
user_000057,password
user_000058,password
user_000059,password
user_000060,password
user_000061,password
user_000062,password
user_000063,password
user_000064,password
user_000065,password
user_000066,password
user_000067,password
user_000068,password
user_000069,password
user_000070,password
user_000071,password
user_000072,password
user_000073,password
user_000074,password
user_000075,password
user_000076,password
user_000077,password
user_000078,password
user_000079,password
user_000080,password
user_000081,password
user_000082,password
user_000083,password
user_000084,password
user_000085,password
user_000086,password
user_000087,password
user_000088,password
user_000089,password
user_000090,password
user_000091,password
user_000092,password
user_000093,password
user_000094,password
user_000095,password
user_000096,password
user_000097,password
user_000098,password
user_000099,password
user_000100,password
user_000101,password
user_000102,password
user_000103,password
user_000104,password
user_000105,password
user_000106,password
user_000107,password
user_000108,password
user_000109,password
user_000110,password
user_000111,password
user_000112,password
user_000113,password
user_000114,password
user_000115,password
user_000116,password
user_000117,password
user_000118,password
user_000119,password
user_000120,password
user_000121,password
user_000122,password
user_000123,password
user_000124,password
user_000125,password
user_000126,password
user_000127,password
user_000128,password
user_000129,password
user_000130,password
user_000131,password
user_000132,password
user_000133,password
user_000134,password
user_000135,password
user_000136,password
user_000137,password
user_000138,password
user_000139,password
user_000140,password
user_000141,password
user_000142,password
user_000143,password
user_000144,password
user_000145,password
user_000146,password
user_000147,password
user_000148,password
user_000149,password
user_000150,password
user_000151,password
user_000152,password
user_000153,password
user_000154,password
user_000155,password
user_000156,password
user_000157,password
user_000158,password
user_000159,password
user_000160,password
user_000161,password
user_000162,password
user_000163,password
user_000164,password
user_000165,password
user_000166,password
user_000167,password
user_000168,password
user_000169,password
user_000170,password
user_000171,password
user_000172,password
user_000173,password
user_000174,password
user_000175,password
user_000176,password
user_000177,password
user_000178,password
user_000179,password
user_000180,password
user_000181,password
user_000182,password
user_000183,password
user_000184,password
user_000185,password
user_000186,password
user_000187,password
user_000188,password
user_000189,password
user_000190,password
user_000191,password
user_000192,password
user_000193,password
user_000194,password
user_000195,password
user_000196,password
user_000197,password
user_000198,password
user_000199,password
user_000200,password
user_000201,password
user_000202,password
user_000203,password
user_000204,password
user_000205,password
user_000206,password
user_000207,password
user_000208,password
user_000209,password
user_000210,password
user_000211,password
user_000212,password
user_000213,password
user_000214,password
user_000215,password
user_000216,password
user_000217,password
user_000218,password
user_000219,password
user_000220,password
user_000221,password
user_000222,password
user_000223,password
user_000224,password
user_000225,password
user_000226,password
user_000227,password
user_000228,password
user_000229,password
user_000230,password
user_000231,password
user_000232,password
user_000233,password
user_000234,password
user_000235,password
user_000236,password
user_000237,password
user_000238,password
user_000239,password
user_000240,password
user_000241,password
user_000242,password
user_000243,password
user_000244,password
user_000245,password
user_000246,password
user_000247,password
user_000248,password
user_000249,password
user_000250,password
user_000251,password
user_000252,password
user_000253,password
user_000254,password
user_000255,password
user_000256,password
user_000257,password
user_000258,password
user_000259,password
user_000260,password
user_000261,password
user_000262,password
user_000263,password
user_000264,password
user_000265,password
user_000266,password
user_000267,password
user_000268,password
user_000269,password
user_000270,password
user_000271,password
user_000272,password
user_000273,password
user_000274,password
user_000275,password
user_000276,password
user_000277,password
user_000278,password
user_000279,password
user_000280,password
user_000281,password
user_000282,password
user_000283,password
user_000284,password
user_000285,password
user_000286,password
user_000287,password
user_000288,password
user_000289,password
user_000290,password
user_000291,password
user_000292,password
user_000293,password
user_000294,password
user_000295,password
user_000296,password
user_000297,password
user_000298,password
user_000299,password
user_000300,password
user_000301,password
user_000302,password
user_000303,password
user_000304,password
user_000305,password
user_000306,password
user_000307,password
user_000308,password
user_000309,password
user_000310,password
user_000311,password
user_000312,password
user_000313,password
user_000314,password
user_000315,password
user_000316,password
user_000317,password
user_000318,password
user_000319,password
user_000320,password
user_000321,password
user_000322,password
user_000323,password
user_000324,password
user_000325,password
user_000326,password
user_000327,password
user_000328,password
user_000329,password
user_000330,password
user_000331,password
user_000332,password
user_000333,password
user_000334,password
user_000335,password
user_000336,password
user_000337,password
user_000338,password
user_000339,password
user_000340,password
user_000341,password
user_000342,password
user_000343,password
user_000344,password
user_000345,password
user_000346,password
user_000347,password
user_000348,password
user_000349,password
user_000350,password
user_000351,password
user_000352,password
user_000353,password
user_000354,password
user_000355,password
user_000356,password
user_000357,password
user_000358,password
user_000359,password
user_000360,password
user_000361,password
user_000362,password
user_000363,password
user_000364,password
user_000365,password
user_000366,password
user_000367,password
user_000368,password
user_000369,password
user_000370,password
user_000371,password
user_000372,password
user_000373,password
user_000374,password
user_000375,password
user_000376,password
user_000377,password
user_000378,password
user_000379,password
user_000380,password
user_000381,password
user_000382,password
user_000383,password
user_000384,password
user_000385,password
user_000386,password
user_000387,password
user_000388,password
user_000389,password
user_000390,password
user_000391,password
user_000392,password
user_000393,password
user_000394,password
user_000395,password
user_000396,password
user_000397,password
user_000398,password
user_000399,password
user_000400,password
user_000401,password
user_000402,password
user_000403,password
user_000404,password
user_000405,password
user_000406,password
user_000407,password
user_000408,password
user_000409,password
user_000410,password
user_000411,password
user_000412,password
user_000413,password
user_000414,password
user_000415,password
user_000416,password
user_000417,password
user_000418,password
user_000419,password
user_000420,password
user_000421,password
user_000422,password
user_000423,password
user_000424,password
user_000425,password
user_000426,password
user_000427,password
user_000428,password
user_000429,password
user_000430,password
user_000431,password
user_000432,password
user_000433,password
user_000434,password
user_000435,password
user_000436,password
user_000437,password
user_000438,password
user_000439,password
user_000440,password
user_000441,password
user_000442,password
user_000443,password
user_000444,password
user_000445,password
user_000446,password
user_000447,password
user_000448,password
user_000449,password
user_000450,password
user_000451,password
user_000452,password
user_000453,password
user_000454,password
user_000455,password
user_000456,password
user_000457,password
user_000458,password
user_000459,password
user_000460,password
user_000461,password
user_000462,password
user_000463,password
user_000464,password
user_000465,password
user_000466,password
user_000467,password
user_000468,password
user_000469,password
user_000470,password
user_000471,password
user_000472,password
user_000473,password
user_000474,password
user_000475,password
user_000476,password
user_000477,password
user_000478,password
user_000479,password
user_000480,password
user_000481,password
user_000482,password
user_000483,password
user_000484,password
user_000485,password
user_000486,password
user_000487,password
user_000488,password
user_000489,password
user_000490,password
user_000491,password
user_000492,password
user_000493,password
user_000494,password
user_000495,password
user_000496,password
user_000497,password
user_000498,password
user_000499,password
user_000500,password
user_000501,password
user_000502,password
user_000503,password
user_000504,password
user_000505,password
user_000506,password
user_000507,password
user_000508,password
user_000509,password
user_000510,password
user_000511,password
user_000512,password
user_000513,password
user_000514,password
user_000515,password
user_000516,password
user_000517,password
user_000518,password
user_000519,password
user_000520,password
user_000521,password
user_000522,password
user_000523,password
user_000524,password
user_000525,password
user_000526,password
user_000527,password
user_000528,password
user_000529,password
user_000530,password
user_000531,password
user_000532,password
user_000533,password
user_000534,password
user_000535,password
user_000536,password
user_000537,password
user_000538,password
user_000539,password
user_000540,password
user_000541,password
user_000542,password
user_000543,password
user_000544,password
user_000545,password
user_000546,password
user_000547,password
user_000548,password
user_000549,password
user_000550,password
user_000551,password
user_000552,password
user_000553,password
user_000554,password
user_000555,password
user_000556,password
user_000557,password
user_000558,password
user_000559,password
user_000560,password
user_000561,password
user_000562,password
user_000563,password
user_000564,password
user_000565,password
user_000566,password
user_000567,password
user_000568,password
user_000569,password
user_000570,password
user_000571,password
user_000572,password
user_000573,password
user_000574,password
user_000575,password
user_000576,password
user_000577,password
user_000578,password
user_000579,password
user_000580,password
user_000581,password
user_000582,password
user_000583,password
user_000584,password
user_000585,password
user_000586,password
user_000587,password
user_000588,password
user_000589,password
user_000590,password
user_000591,password
user_000592,password
user_000593,password
user_000594,password
user_000595,password
user_000596,password
user_000597,password
user_000598,password
user_000599,password
user_000600,password
user_000601,password
user_000602,password
user_000603,password
user_000604,password
user_000605,password
user_000606,password
user_000607,password
user_000608,password
user_000609,password
user_000610,password
user_000611,password
user_000612,password
user_000613,password
user_000614,password
user_000615,password
user_000616,password
user_000617,password
user_000618,password
user_000619,password
user_000620,password
user_000621,password
user_000622,password
user_000623,password
user_000624,password
user_000625,password
user_000626,password
user_000627,password
user_000628,password
user_000629,password
user_000630,password
user_000631,password
user_000632,password
user_000633,password
user_000634,password
user_000635,password
user_000636,password
user_000637,password
user_000638,password
user_000639,password
user_000640,password
user_000641,password
user_000642,password
user_000643,password
user_000644,password
user_000645,password
user_000646,password
user_000647,password
user_000648,password
user_000649,password
user_000650,password
user_000651,password
user_000652,password
user_000653,password
user_000654,password
user_000655,password
user_000656,password
user_000657,password
user_000658,password
user_000659,password
user_000660,password
user_000661,password
user_000662,password
user_000663,password
user_000664,password
user_000665,password
user_000666,password
user_000667,password
user_000668,password
user_000669,password
user_000670,password
user_000671,password
user_000672,password
user_000673,password
user_000674,password
user_000675,password
user_000676,password
user_000677,password
user_000678,password
user_000679,password
user_000680,password
user_000681,password
user_000682,password
user_000683,password
user_000684,password
user_000685,password
user_000686,password
user_000687,password
user_000688,password
user_000689,password
user_000690,password
user_000691,password
user_000692,password
user_000693,password
user_000694,password
user_000695,password
user_000696,password
user_000697,password
user_000698,password
user_000699,password
user_000700,password
user_000701,password
user_000702,password
user_000703,password
user_000704,password
user_000705,password
user_000706,password
user_000707,password
user_000708,password
user_000709,password
user_000710,password
user_000711,password
user_000712,password
user_000713,password
user_000714,password
user_000715,password
user_000716,password
user_000717,password
user_000718,password
user_000719,password
user_000720,password
user_000721,password
user_000722,password
user_000723,password
user_000724,password
user_000725,password
user_000726,password
user_000727,password
user_000728,password
user_000729,password
user_000730,password
user_000731,password
user_000732,password
user_000733,password
user_000734,password
user_000735,password
user_000736,password
user_000737,password
user_000738,password
user_000739,password
user_000740,password
user_000741,password
user_000742,password
user_000743,password
user_000744,password
user_000745,password
user_000746,password
user_000747,password
user_000748,password
user_000749,password
user_000750,password
user_000751,password
user_000752,password
user_000753,password
user_000754,password
user_000755,password
user_000756,password
user_000757,password
user_000758,password
user_000759,password
user_000760,password
user_000761,password
user_000762,password
user_000763,password
user_000764,password
user_000765,password
user_000766,password
user_000767,password
user_000768,password
user_000769,password
user_000770,password
user_000771,password
user_000772,password
user_000773,password
user_000774,password
user_000775,password
user_000776,password
user_000777,password
user_000778,password
user_000779,password
user_000780,password
user_000781,password
user_000782,password
user_000783,password
user_000784,password
user_000785,password
user_000786,password
user_000787,password
user_000788,password
user_000789,password
user_000790,password
user_000791,password
user_000792,password
user_000793,password
user_000794,password
user_000795,password
user_000796,password
user_000797,password
user_000798,password
user_000799,password
user_000800,password
user_000801,password
user_000802,password
user_000803,password
user_000804,password
user_000805,password
user_000806,password
user_000807,password
user_000808,password
user_000809,password
user_000810,password
user_000811,password
user_000812,password
user_000813,password
user_000814,password
user_000815,password
user_000816,password
user_000817,password
user_000818,password
user_000819,password
user_000820,password
user_000821,password
user_000822,password
user_000823,password
user_000824,password
user_000825,password
user_000826,password
user_000827,password
user_000828,password
user_000829,password
user_000830,password
user_000831,password
user_000832,password
user_000833,password
user_000834,password
user_000835,password
user_000836,password
user_000837,password
user_000838,password
user_000839,password
user_000840,password
user_000841,password
user_000842,password
user_000843,password
user_000844,password
user_000845,password
user_000846,password
user_000847,password
user_000848,password
user_000849,password
user_000850,password
user_000851,password
user_000852,password
user_000853,password
user_000854,password
user_000855,password
user_000856,password
user_000857,password
user_000858,password
user_000859,password
user_000860,password
user_000861,password
user_000862,password
user_000863,password
user_000864,password
user_000865,password
user_000866,password
user_000867,password
user_000868,password
user_000869,password
user_000870,password
user_000871,password
user_000872,password
user_000873,password
user_000874,password
user_000875,password
user_000876,password
user_000877,password
user_000878,password
user_000879,password
user_000880,password
user_000881,password
user_000882,password
user_000883,password
user_000884,password
user_000885,password
user_000886,password
user_000887,password
user_000888,password
user_000889,password
user_000890,password
user_000891,password
user_000892,password
user_000893,password
user_000894,password
user_000895,password
user_000896,password
user_000897,password
user_000898,password
user_000899,password
user_000900,password
user_000901,password
user_000902,password
user_000903,password
user_000904,password
user_000905,password
user_000906,password
user_000907,password
user_000908,password
user_000909,password
user_000910,password
user_000911,password
user_000912,password
user_000913,password
user_000914,password
user_000915,password
user_000916,password
user_000917,password
user_000918,password
user_000919,password
user_000920,password
user_000921,password
user_000922,password
user_000923,password
user_000924,password
user_000925,password
user_000926,password
user_000927,password
user_000928,password
user_000929,password
user_000930,password
user_000931,password
user_000932,password
user_000933,password
user_000934,password
user_000935,password
user_000936,password
user_000937,password
user_000938,password
user_000939,password
user_000940,password
user_000941,password
user_000942,password
user_000943,password
user_000944,password
user_000945,password
user_000946,password
user_000947,password
user_000948,password
user_000949,password
user_000950,password
user_000951,password
user_000952,password
user_000953,password
user_000954,password
user_000955,password
user_000956,password
user_000957,password
user_000958,password
user_000959,password
user_000960,password
user_000961,password
user_000962,password
user_000963,password
user_000964,password
user_000965,password
user_000966,password
user_000967,password
user_000968,password
user_000969,password
user_000970,password
user_000971,password
user_000972,password
user_000973,password
user_000974,password
user_000975,password
user_000976,password
user_000977,password
user_000978,password
user_000979,password
user_000980,password
user_000981,password
user_000982,password
user_000983,password
user_000984,password
user_000985,password
user_000986,password
user_000987,password
user_000988,password
user_000989,password
user_000990,password
user_000991,password
user_000992,password
user_000993,password
user_000994,password
user_000995,password
user_000996,password
user_000997,password
user_000998,password
user_000999,password
user_001000,password